  full_name,2022/23 ,2022/23(*)
Stephen Curry,"$45,780,966 ","$51,411,079 "
James Harden,"$44,310,840 ","$49,760,158 "
John Wall,"$44,310,840 ","$49,760,158 "
Russell Westbrook,"$44,211,146 ","$49,648,204 "
Kevin Durant,"$42,018,900 ","$47,186,357 "
LeBron James,"$41,180,544 ","$46,244,900 "
Paul George,"$39,344,970 ","$44,183,589 "
Damian Lillard,"$39,344,900 ","$44,183,510 "
Giannis Antetokounmpo,"$39,344,900 ","$44,183,510 "
Kawhi Leonard,"$39,344,900 ","$44,183,510 "
Klay Thompson,"$37,980,720 ","$42,651,564 "
Jimmy Butler,"$36,016,200 ","$40,445,449 "
Tobias Harris,"$35,995,950 ","$40,422,708 "
Khris Middleton,"$35,500,000 ","$39,865,767 "
Anthony Davis,"$35,361,360 ","$39,710,077 "
Rudy Gobert,"$35,344,828 ","$39,691,512 "
Kyrie Irving,"$35,328,700 ","$39,673,400 "
Kemba Walker,"$34,967,442 ","$39,267,715 "
Bradley Beal,"$33,724,200 ","$37,871,580 "
Pascal Siakam,"$33,003,936 ","$37,062,738 "
Ben Simmons,"$33,003,936 ","$37,062,738 "
Blake Griffin,"$32,405,817 ","$36,391,063 "
Kristaps Porzingis,"$31,650,600 ","$35,542,970 "
Devin Booker,"$31,650,600 ","$35,542,970 "
Karl-Anthony Towns,"$31,650,600 ","$35,542,970 "
Joel Embiid,"$31,579,390 ","$35,463,003 "
Andrew Wiggins,"$31,579,390 ","$35,463,003 "
Kevin Love,"$31,258,256 ","$35,102,376 "
Jrue Holiday,"$31,171,333 ","$35,004,763 "
Nikola Jokic,"$31,044,906 ","$34,862,788 "
CJ McCollum,"$30,864,198 ","$34,659,857 "
Chris Paul,"$30,800,000 ","$34,587,764 "
D'Angelo Russell,"$30,013,500 ","$33,704,540 "
Gordon Hayward,"$29,925,000 ","$33,605,157 "
Brandon Ingram,"$29,467,800 ","$33,091,731 "
Jamal Murray,"$29,467,800 ","$33,091,731 "
Donovan Mitchell,"$28,103,500 ","$31,559,650 "
De'Aaron Fox,"$28,103,500 ","$31,559,650 "
Bam Adebayo,"$28,103,500 ","$31,559,650 "
Jayson Tatum,"$28,103,500 ","$31,559,650 "
Al Horford,"$27,000,000 ","$30,320,442 "
Kyle Lowry,"$26,984,128 ","$30,302,618 "
Jaylen Brown,"$26,758,928 ","$30,049,723 "
DeMar DeRozan,"$26,000,000 ","$29,197,463 "
Draymond Green,"$24,026,712 ","$26,981,501 "
Nikola Vucevic,"$24,000,000 ","$26,951,504 "
Buddy Hield,"$23,073,234 ","$25,910,765 "
John Collins,"$23,000,000 ","$25,828,525 "
Malcolm Brogdon,"$21,700,000 ","$24,368,652 "
Tim Hardaway Jr,"$21,306,816 ","$23,927,114 "
Mike Conley,"$21,000,000 ","$23,582,566 "
Gary Harris,"$20,932,143 ","$23,506,364 "
Danilo Gallinari,"$20,475,000 ","$22,993,002 "
Harrison Barnes,"$20,284,091 ","$22,778,615 "
Jerami Grant,"$20,002,500 ","$22,462,394 "
Jarrett Allen,"$20,000,000 ","$22,459,587 "
Julius Randle,"$19,800,000 ","$22,234,991 "
Fred VanVleet,"$19,675,926 ","$22,095,658 "
Zach LaVine,"$19,500,000 ","$21,898,097 "
Goran Dragic,"$19,348,907 ","$21,728,422 "
Spencer Dinwiddie,"$19,314,284 ","$21,689,542 "
Bojan Bogdanovic,"$18,700,000 ","$20,999,714 "
Lonzo Ball,"$18,604,651 ","$20,892,639 "
Domantas Sabonis,"$18,500,000 ","$20,775,118 "
Eric Gordon,"$18,218,818 ","$20,459,356 "
Eric Bledsoe,"$18,125,000 ","$20,354,000 "
Myles Turner,"$18,000,000 ","$20,213,628 "
Bogdan Bogdanovic,"$18,000,000 ","$20,213,628 "
Terry Rozier,"$17,905,263 ","$20,107,240 "
Ricky Rubio,"$17,800,000 ","$19,989,032 "
Clint Capela,"$17,603,448 ","$19,768,308 "
Caris LeVert,"$17,500,000 ","$19,652,138 "
Jonathan Isaac,"$17,400,000 ","$19,539,840 "
Joe Harris,"$17,357,143 ","$19,491,713 "
Evan Fournier,"$17,142,857 ","$19,251,074 "
Steven Adams,"$17,073,171 ","$19,172,818 "
Markelle Fultz,"$16,500,000 ","$18,529,159 "
Aaron Gordon,"$16,409,091 ","$18,427,070 "
Gary Trent Jr,"$16,225,000 ","$18,220,340 "
OG Anunoby,"$16,071,429 ","$18,047,883 "
Davis Bertans,"$16,000,000 ","$17,967,669 "
Lauri Markkanen,"$15,690,909 ","$17,620,566 "
Derrick White,"$15,678,571 ","$17,606,711 "
Duncan Robinson,"$15,650,000 ","$17,574,626 "
Marcus Morris,"$15,627,907 ","$17,549,816 "
Will Barton,"$15,625,000 ","$17,546,552 "
Norman Powell,"$15,517,242 ","$17,425,542 "
Dejounte Murray,"$15,428,880 ","$17,326,313 "
Malik Beasley,"$14,491,964 ","$16,274,176 "
Patrick Beverley,"$14,320,987 ","$16,082,172 "
Thaddeus Young,"$14,190,000 ","$15,935,077 "
Jonas Valanciunas,"$14,000,000 ","$15,721,711 "
Marcus Smart,"$13,839,285 ","$15,541,231 "
Doug McDermott,"$13,750,000 ","$15,440,966 "
Christian Wood,"$13,666,667 ","$15,347,384 "
Derrick Rose,"$13,445,120 ","$15,098,592 "
Luke Kennard,"$13,347,727 ","$14,989,221 "
Taurean Prince,"$13,334,375 ","$14,974,227 "
Brook Lopez,"$13,302,325 ","$14,938,236 "
Kentavious Caldwell-Pope,"$13,038,862 ","$14,642,372 "
Joe Ingles,"$13,036,364 ","$14,639,567 "
Kyle Kuzma,"$13,000,000 ","$14,598,731 "
Robert Covington,"$12,975,471 ","$14,571,186 "
TJ Warren,"$12,940,000 ","$14,531,352 "
Deandre Ayton,"$12,632,950 ","$14,186,542 "
Terrence Ross,"$12,500,000 ","$14,037,241 "
Jordan Clarkson,"$12,420,000 ","$13,947,403 "
Dillon Brooks,"$12,200,000 ","$13,700,348 "
Kelly Olynyk,"$12,195,122 ","$13,694,870 "
Nicolas Batum,"$12,026,998 ","$13,506,070 "
Josh Hart,"$12,000,000 ","$13,475,752 "
Jusuf Nurkic,"$12,000,000 ","$13,475,752 "
Kelly Oubre,"$12,000,000 ","$13,475,752 "
Josh Richardson,"$11,615,328 ","$13,043,773 "
Marvin Bagley,"$11,312,114 ","$12,703,270 "
DeAndre Jordan,"$11,109,327 ","$12,475,544 "
Dwight Powell,"$11,080,125 ","$12,442,751 "
Devonte Graham,"$11,000,000 ","$12,352,772 "
Zion Williamson,"$10,733,400 ","$12,053,386 "
Larry Nance Jr,"$10,690,909 ","$12,005,670 "
Jeremy Lamb,"$10,500,000 ","$11,791,283 "
Richaun Holmes,"$10,384,500 ","$11,661,579 "
Reggie Jackson,"$10,384,500 ","$11,661,579 "
Al-Farouq Aminu,"$10,335,621 ","$11,606,688 "
Anthony Edwards,"$10,245,480 ","$11,505,462 "
Luka Doncic,"$10,174,391 ","$11,425,631 "
Cade Cunningham,"$10,050,120 ","$11,286,077 "
Tomas Satoransky,"$10,000,000 ","$11,229,792 "
Danny Green,"$10,000,000 ","$11,229,793 "
Tristan Thompson,"$9,946,611 ","$11,169,838 "
Kyle Anderson,"$9,937,150 ","$11,159,214 "
Jae Crowder,"$9,720,900 ","$10,916,370 "
Derrick Favors,"$9,720,900 ","$10,916,370 "
Serge Ibaka,"$9,720,900 ","$10,916,370 "
Derrick Jones,"$9,720,900 ","$10,916,370 "
Montrezl Harrell,"$9,720,900 ","$10,916,370 "
Ja Morant,"$9,603,360 ","$10,784,375 "
Alec Burks,"$9,536,000 ","$10,708,731 "
Reggie Bullock,"$9,536,000 ","$10,708,731 "
Talen Horton-Tucker,"$9,500,000 ","$10,668,303 "
Mason Plumlee,"$9,248,333 ","$10,385,687 "
Jaren Jackson Jr,"$9,180,560 ","$10,309,579 "
James Wiseman,"$9,166,800 ","$10,294,127 "
Jalen Green,"$8,992,080 ","$10,097,920 "
De'Anthony Melton,"$8,805,976 ","$9,888,929 "
Royce O'Neale,"$8,800,000 ","$9,882,218 "
Nerlens Noel,"$8,800,000 ","$9,882,218 "
Jakob Poeltl,"$8,750,000 ","$9,826,069 "
Maxi Kleber,"$8,750,000 ","$9,826,069 "
Thomas Bryant,"$8,666,667 ","$9,732,488 "
RJ Barrett,"$8,623,920 ","$9,684,484 "
Alex Caruso,"$8,600,000 ","$9,657,622 "
Delon Wright,"$8,526,316 ","$9,574,876 "
Dario Saric,"$8,510,000 ","$9,556,554 "
Monte Morris,"$8,449,074 ","$9,488,135 "
Tyus Jones,"$8,376,286 ","$9,406,396 "
Trae Young,"$8,326,471 ","$9,350,455 "
Daniel Theis,"$8,280,351 ","$9,298,663 "
LaMelo Ball,"$8,231,760 ","$9,244,096 "
Seth Curry,"$8,207,518 ","$9,216,873 "
JaMychal Green,"$8,200,000 ","$9,208,430 "
Cedi Osman,"$8,133,334 ","$9,133,566 "
Evan Mobley,"$8,075,160 ","$9,068,238 "
De'Andre Hunter,"$7,775,400 ","$8,731,613 "
DJ Augustin,"$7,622,467 ","$8,559,872 "
Mo Bamba,"$7,568,743 ","$8,499,542 "
Ivica Zubac,"$7,518,518 ","$8,443,140 "
TJ McConnell,"$7,500,000 ","$8,422,345 "
Rajon Rondo,"$7,500,000 ","$8,422,344 "
Patrick Williams,"$7,422,000 ","$8,334,752 "
Cory Joseph,"$7,310,000 ","$8,208,979 "
Scottie Barnes,"$7,280,400 ","$8,175,738 "
Darius Garland,"$7,040,880 ","$7,906,762 "
Chris Boucher,"$7,020,000 ","$7,883,315 "
Zach Collins,"$7,000,000 ","$7,860,855 "
PJ Tucker,"$7,000,000 ","$7,860,855 "
Wendell Carter,"$6,920,027 ","$7,771,047 "
Juan Hernangomez,"$6,803,190 ","$7,639,841 "
Isaac Okoro,"$6,720,720 ","$7,547,229 "
Jalen Suggs,"$6,592,920 ","$7,403,713 "
Cameron Payne,"$6,500,000 ","$7,299,365 "
Joakim Noah,"$6,431,666 ","$7,222,628 "
Jarrett Culver,"$6,395,160 ","$7,181,632 "
Khem Birch,"$6,350,000 ","$7,130,918 "
Collin Sexton,"$6,349,671 ","$7,130,549 "
Onyeka Okongwu,"$6,104,280 ","$6,854,980 "
Justin Holiday,"$6,006,420 ","$6,745,085 "
Josh Giddey,"$5,988,000 ","$6,724,400 "
Rudy Gay,"$5,890,000 ","$6,614,348 "
Dennis Schroeder,"$5,890,000 ","$6,614,348 "
Patrick Mills,"$5,890,000 ","$6,614,348 "
Kevin Knox,"$5,845,978 ","$6,564,912 "
Coby White,"$5,837,760 ","$6,555,683 "
Timofey Mozgov,"$5,573,333 ","$6,258,737 "
Killian Hayes,"$5,572,680 ","$6,258,004 "
Mikal Bridges,"$5,557,725 ","$6,241,210 "
Shai Gilgeous-Alexander,"$5,495,532 ","$6,171,369 "
Jonathan Kuminga,"$5,466,360 ","$6,138,609 "
Miles Bridges,"$5,421,493 ","$6,088,224 "
Jaxson Hayes,"$5,348,280 ","$6,006,008 "
Pat Connaughton,"$5,333,334 ","$5,989,223 "
Kris Dunn,"$5,317,430 ","$5,971,363 "
George Hill,"$5,275,491 ","$5,924,267 "
Michael Porter,"$5,258,735 ","$5,905,450 "
Dewayne Dedmon,"$5,256,308 ","$5,902,724 "
Ryan Anderson,"$5,214,583 ","$5,855,869 "
Hamidou Diallo,"$5,200,000 ","$5,839,492 "
Kevon Looney,"$5,178,572 ","$5,815,429 "
Troy Brown,"$5,170,564 ","$5,806,436 "
Obi Toppin,"$5,105,160 ","$5,732,989 "
Franz Wagner,"$5,007,840 ","$5,623,700 "
Josh Jackson,"$5,005,350 ","$5,620,904 "
JaVale McGee,"$5,000,000 ","$5,614,896 "
Robin Lopez,"$5,000,000 ","$5,614,896 "
Luol Deng,"$5,000,000 ","$5,614,896 "
Kendrick Nunn,"$5,000,000 ","$5,614,896 "
Louis Williams,"$5,000,000 ","$5,614,896 "
Danuel House,"$4,997,424 ","$5,612,002 "
Rui Hachimura,"$4,916,160 ","$5,520,746 "
Taj Gibson,"$4,910,000 ","$5,513,828 "
Garrett Temple,"$4,910,000 ","$5,513,828 "
Torrey Craig,"$4,878,049 ","$5,477,948 "
Bruce Brown,"$4,736,102 ","$5,318,544 "
Deni Avdija,"$4,692,840 ","$5,269,962 "
Donte DiVincenzo,"$4,675,830 ","$5,250,860 "
Cam Reddish,"$4,670,160 ","$5,244,493 "
David Nwaba,"$4,650,000 ","$5,221,854 "
Furkan Korkmaz,"$4,629,630 ","$5,198,978 "
Davion Mitchell,"$4,603,200 ","$5,169,298 "
Ishmael Smith,"$4,500,000 ","$5,053,407 "
Bryn Forbes,"$4,500,000 ","$5,053,407 "
Jeff Green,"$4,500,000 ","$5,053,407 "
Jalen Smith,"$4,458,000 ","$5,006,241 "
Lonnie Walker,"$4,447,896 ","$4,994,895 "
Cameron Johnson,"$4,437,000 ","$4,982,659 "
Ziaire Williams,"$4,373,040 ","$4,910,833 "
Moe Harkless,"$4,347,600 ","$4,882,265 "
Bobby Portis,"$4,347,600 ","$4,882,265 "
Kevin Huerter,"$4,253,357 ","$4,776,432 "
Devin Vassell,"$4,235,160 ","$4,755,997 "
Chandler Hutchison,"$4,224,186 ","$4,743,673 "
Willie Cauley-Stein,"$4,220,083 ","$4,739,065 "
PJ Washington,"$4,215,120 ","$4,733,492 "
James Bouknight,"$4,154,400 ","$4,665,305 "
Jevon Carter,"$4,107,149 ","$4,612,242 "
Josh Okogie,"$4,087,904 ","$4,590,631 "
Grayson Allen,"$4,054,695 ","$4,553,338 "
Jarred Vanderbilt,"$4,050,000 ","$4,548,066 "
Tyrese Haliburton,"$4,023,600 ","$4,518,419 "
Tyler Herro,"$4,004,280 ","$4,496,723 "
Terence Davis,"$4,000,000 ","$4,491,917 "
Dorian Finney-Smith,"$4,000,000 ","$4,491,917 "
Gorgui Dieng,"$4,000,000 ","$4,491,917 "
Aaron Holiday,"$3,980,551 ","$4,470,076 "
Josh Primo,"$3,946,800 ","$4,432,174 "
Jake Layman,"$3,940,184 ","$4,424,745 "
Anfernee Simons,"$3,938,818 ","$4,423,211 "
Justise Winslow,"$3,902,439 ","$4,382,358 "
Kira Lewis,"$3,822,240 ","$4,292,296 "
Romeo Langford,"$3,804,360 ","$4,272,217 "
Sekou Doumbouya,"$3,799,131 ","$4,266,345 "
Landry Shamet,"$3,768,342 ","$4,231,770 "
Chris Duarte,"$3,749,400 ","$4,210,498 "
Alex Len,"$3,732,000 ","$4,190,958 "
Robert Williams,"$3,661,976 ","$4,112,323 "
Aaron Nesmith,"$3,631,200 ","$4,077,762 "
Moses Moody,"$3,562,200 ","$4,000,277 "
Mike Muscala,"$3,500,000 ","$3,930,427 "
Boban Marjanovic,"$3,500,000 ","$3,930,427 "
Cole Anthony,"$3,449,400 ","$3,873,605 "
Corey Kispert,"$3,383,640 ","$3,799,757 "
Luka Samanic,"$3,355,239 ","$3,767,863 "
Georges Niang,"$3,300,000 ","$3,705,831 "
Michael Carter-Williams,"$3,300,000 ","$3,705,831 "
Chuma Okeke,"$3,277,080 ","$3,680,093 "
Isaiah Stewart,"$3,277,080 ","$3,680,093 "
Nickeil Alexander-Walker,"$3,261,480 ","$3,662,574 "
Alperen Sengun,"$3,214,680 ","$3,610,019 "
Jon Leuer,"$3,169,348 ","$3,559,112 "
Trey Burke,"$3,150,000 ","$3,537,384 "
Aleksej Pokusevski,"$3,113,160 ","$3,496,014 "
Facundo Campazzo,"$3,100,000 ","$3,481,236 "
Goga Bitadze,"$3,098,400 ","$3,479,439 "
Trey Murphy,"$3,053,760 ","$3,429,309 "
Frank Jackson,"$3,000,000 ","$3,368,938 "
Sterling Brown,"$3,000,000 ","$3,368,938 "
Josh Green,"$2,957,520 ","$3,321,233 "
Tre Mann,"$2,901,240 ","$3,258,032 "
Andrew Nicholson,"$2,844,429 ","$3,194,235 "
Matisse Thybulle,"$2,840,160 ","$3,189,441 "
Saddiq Bey,"$2,824,320 ","$3,171,653 "
Kai Jones,"$2,770,560 ","$3,111,281 "
Brandon Clarke,"$2,726,880 ","$3,062,229 "
Precious Achiuwa,"$2,711,280 ","$3,044,711 "
Marc Gasol,"$2,692,991 ","$3,024,173 "
Jalen Johnson,"$2,659,680 ","$2,986,765 "
Paul Millsap,"$2,641,691 ","$2,966,564 "
E'Twaun Moore,"$2,641,691 ","$2,966,564 "
Markieff Morris,"$2,641,691 ","$2,966,564 "
Udonis Haslem,"$2,641,691 ","$2,966,564 "
Dwight Howard,"$2,641,691 ","$2,966,564 "
Trevor Ariza,"$2,641,691 ","$2,966,564 "
Wayne Ellington,"$2,641,691 ","$2,966,564 "
Carmelo Anthony,"$2,641,691 ","$2,966,564 "
Avery Bradley,"$2,641,691 ","$2,966,564 "
Enes Kanter,"$2,641,691 ","$2,966,564 "
Andre Iguodala,"$2,641,691 ","$2,966,564 "
Ed Davis,"$2,641,691 ","$2,966,564 "
James Johnson,"$2,641,691 ","$2,966,564 "
LaMarcus Aldridge,"$2,641,691 ","$2,966,564 "
Grant Williams,"$2,617,800 ","$2,939,735 "
Tyrese Maxey,"$2,602,920 ","$2,923,025 "
Keon Johnson,"$2,553,240 ","$2,867,235 "
Darius Bazley,"$2,513,040 ","$2,822,092 "
Trey Lyles,"$2,500,000 ","$2,807,448 "
Zeke Nnaji,"$2,498,760 ","$2,806,055 "
Isaiah Jackson,"$2,451,240 ","$2,752,691 "
Ty Jerome,"$2,412,840 ","$2,709,569 "
Hassan Whiteside,"$2,401,537 ","$2,696,876 "
Kent Bazemore,"$2,401,537 ","$2,696,876 "
Austin Rivers,"$2,401,537 ","$2,696,876 "
Andre Drummond,"$2,401,537 ","$2,696,876 "
Cody Zeller,"$2,389,641 ","$2,683,517 "
Ben McLemore,"$2,389,641 ","$2,683,517 "
Solomon Hill,"$2,389,641 ","$2,683,517 "
Tony Snell,"$2,389,641 ","$2,683,517 "
Victor Oladipo,"$2,389,641 ","$2,683,517 "
Otto Porter,"$2,389,641 ","$2,683,517 "
Leandro Bolmaro,"$2,353,320 ","$2,642,729 "
Usman Garuba,"$2,353,320 ","$2,642,729 "
Willy Hernangomez,"$2,327,220 ","$2,613,420 "
Edmond Sumner,"$2,320,000 ","$2,605,312 "
Nassir Little,"$2,316,240 ","$2,601,089 "
RJ Hampton,"$2,303,040 ","$2,586,266 "
DeAndre Bembry,"$2,271,045 ","$2,550,336 "
Josh Christopher,"$2,259,240 ","$2,537,079 "
Monta Ellis,"$2,245,400 ","$2,521,537 "
Drew Eubanks,"$2,239,820 ","$2,515,271 "
Elfrid Payton,"$2,239,544 ","$2,514,961 "
Rodney Hood,"$2,239,544 ","$2,514,961 "
Dylan Windler,"$2,239,200 ","$2,514,575 "
Immanuel Quickley,"$2,210,640 ","$2,482,503 "
John Konchar,"$2,200,000 ","$2,470,554 "
Quentin Grimes,"$2,168,640 ","$2,435,337 "
Jordan Poole,"$2,161,440 ","$2,427,252 "
Bol Bol,"$2,161,152 ","$2,426,929 "
Keldon Johnson,"$2,145,720 ","$2,409,599 "
Payton Pritchard,"$2,137,440 ","$2,400,301 "
Jahlil Okafor,"$2,130,023 ","$2,391,971 "
Bones Hyland,"$2,096,880 ","$2,354,752 "
Raul Neto,"$2,089,448 ","$2,346,406 "
Frank Kaminsky,"$2,089,448 ","$2,346,406 "
Nemanja Bjelica,"$2,089,448 ","$2,346,406 "
Udoka Azubuike,"$2,075,880 ","$2,331,170 "
Jaden McDaniels,"$2,063,280 ","$2,317,020 "
Malachi Flynn,"$2,048,040 ","$2,299,906 "
DeMarcus Cousins,"$2,038,942 ","$2,289,689 "
Cam Thomas,"$2,036,280 ","$2,286,700 "
Desmond Bane,"$2,033,160 ","$2,283,196 "
Jaden Springer,"$2,023,680 ","$2,272,550 "
Day'Ron Sharpe,"$2,009,160 ","$2,256,245 "
Abdel Nader,"$2,000,000 ","$2,245,958 "
Kenrich Williams,"$2,000,000 ","$2,245,958 "
Theo Maledon,"$2,000,000 ","$2,245,958 "
Jeremiah Robinson-Earl,"$2,000,000 ","$2,245,958 "
Jordan McLaughlin,"$2,000,000 ","$2,245,958 "
Garrison Mathews,"$2,000,000 ","$2,245,958 "
Santiago Aldama,"$1,994,520 ","$2,239,804 "
Damian Jones,"$1,977,011 ","$2,220,142 "
Wesley Matthews,"$1,958,495 ","$2,199,349 "
Rodney McGruder,"$1,939,350 ","$2,177,850 "
Timothe Luwawu,"$1,939,350 ","$2,177,850 "
Moses Brown,"$1,933,909 ","$2,171,739 "
Wesley Iwundu,"$1,926,834 ","$2,163,794 "
Jose Alvarado,"$1,925,406 ","$2,162,191 "
PJ Dozier,"$1,910,860 ","$2,145,856 "
Damion Lee,"$1,910,860 ","$2,145,856 "
Killian Tillie,"$1,901,625 ","$2,135,485 "
Tyrell Terry,"$1,869,438 ","$2,099,339 "
Larry Sanders,"$1,865,546 ","$2,094,969 "
Carsen Edwards,"$1,859,365 ","$2,088,027 "
Shake Milton,"$1,846,738 ","$2,073,848 "
Mitchell Robinson,"$1,802,057 ","$2,023,672 "
Jalen Brunson,"$1,802,057 ","$2,023,672 "
Dennis Smith,"$1,789,256 ","$2,009,297 "
Malik Monk,"$1,789,256 ","$2,009,297 "
Semi Ojeleye,"$1,789,256 ","$2,009,297 "
Frank Ntilikina,"$1,789,256 ","$2,009,297 "
Tony Bradley,"$1,789,256 ","$2,009,297 "
Didi Louzada,"$1,786,878 ","$2,006,627 "
Daniel Gafford,"$1,782,621 ","$2,001,846 "
Eric Paschall,"$1,782,621 ","$2,001,846 "
KZ Okpala,"$1,782,621 ","$2,001,846 "
Luguentz Dort,"$1,782,621 ","$2,001,846 "
Isaiah Roby,"$1,782,621 ","$2,001,846 "
Naz Reid,"$1,782,621 ","$2,001,846 "
Jaylen Nowell,"$1,782,621 ","$2,001,846 "
Terance Mann,"$1,782,621 ","$2,001,846 "
Bruno Fernando,"$1,782,621 ","$2,001,846 "
Kevin Porter,"$1,782,621 ","$2,001,846 "
Vlatko Cancar,"$1,782,621 ","$2,001,846 "
Dean Wade,"$1,782,621 ","$2,001,846 "
Cody Martin,"$1,782,621 ","$2,001,846 "
Jalen McDaniels,"$1,782,621 ","$2,001,846 "
Nicolas Claxton,"$1,782,621 ","$2,001,846 "
Yuta Watanabe,"$1,762,796 ","$1,979,583 "
Chimezie Metu,"$1,762,796 ","$1,979,583 "
Armoni Brooks,"$1,739,065 ","$1,952,933 "
Isaac Bonga,"$1,729,217 ","$1,941,874 "
Sviatoslav Mykhailiuk,"$1,729,217 ","$1,941,874 "
Keita Bates-Diop,"$1,729,217 ","$1,941,874 "
Moritz Wagner,"$1,729,217 ","$1,941,874 "
Thanasis Antetokounmpo,"$1,729,217 ","$1,941,874 "
Isaiah Hartenstein,"$1,729,217 ","$1,941,874 "
Oshae Brissett,"$1,701,593 ","$1,910,853 "
Juan Toscano-Anderson,"$1,701,593 ","$1,910,853 "
Herb Jones,"$1,700,000 ","$1,909,064 "
Gabriel Deck,"$1,690,507 ","$1,898,404 "
Gabe Vincent,"$1,669,178 ","$1,874,452 "
Max Strus,"$1,669,178 ","$1,874,452 "
Gary Payton II,"$1,669,178 ","$1,874,452 "
Javonte Green,"$1,669,178 ","$1,874,452 "
Matt Thomas,"$1,669,178 ","$1,874,452 "
Robert Woodard,"$1,619,015 ","$1,818,120 "
Lance Stephenson,"$1,614,825 ","$1,813,414 "
Daniel Oturu,"$1,603,559 ","$1,800,763 "
Deividas Sirvydis,"$1,603,559 ","$1,800,763 "
Kevin Pangos,"$1,569,178 ","$1,762,154 "
Bismack Biyombo,"$1,518,213 ","$1,704,921 "
Vernon Carey,"$1,517,981 ","$1,704,661 "
Anthony Gill,"$1,517,981 ","$1,704,661 "
Tre Jones,"$1,517,981 ","$1,704,661 "
Jahmi'us Ramsey,"$1,517,981 ","$1,704,661 "
Elijah Hughes,"$1,517,981 ","$1,704,661 "
CJ Elleby,"$1,517,981 ","$1,704,661 "
Isaiah Joe,"$1,517,981 ","$1,704,661 "
Paul Reed,"$1,517,981 ","$1,704,661 "
Naji Marshall,"$1,517,981 ","$1,704,661 "
Jordan Nwora,"$1,517,981 ","$1,704,661 "
Xavier Tillman,"$1,517,981 ","$1,704,661 "
Sam Merrill,"$1,517,981 ","$1,704,661 "
Jae'Sean Tate,"$1,517,981 ","$1,704,661 "
KJ Martin,"$1,517,981 ","$1,704,661 "
Lamar Stevens,"$1,517,981 ","$1,704,661 "
Nick Richards,"$1,517,981 ","$1,704,661 "
Isaiah Todd,"$1,500,000 ","$1,684,469 "
Omer Yurtseven,"$1,489,065 ","$1,672,189 "
Saben Lee,"$1,489,065 ","$1,672,189 "
JR Smith,"$1,456,667 ","$1,635,806 "
Stanley Johnson,"$1,368,998 ","$1,537,355 "
Duane Washington Jr,"$1,346,676 ","$1,512,289 "
Aaron Wiggins,"$1,305,761 ","$1,466,342 "
Marquese Chriss,"$1,292,900 ","$1,451,900 "
JT Thor,"$1,250,000 ","$1,403,724 "
DeMarre Carroll,"$1,242,340 ","$1,395,122 "
Jabari Parker,"$1,168,286 ","$1,311,961 "
Alfonzo McKinnie,"$1,090,007 ","$1,224,055 "
Zhaire Smith,"$1,068,200 ","$1,199,566 "
Jason Preston,"$1,062,303 ","$1,192,944 "
Isaiah Livers,"$1,057,260 ","$1,187,281 "
Denzel Valentine,"$1,005,633 ","$1,129,305 "
Alize Johnson,"$1,003,740 ","$1,127,178 "
Kyle Singler,"$999,200 ","$1,122,080 "
Kelan Martin,"$993,760 ","$1,115,971 "
Miye Oni,"$946,261 ","$1,062,631 "
Jared Butler,"$925,258 ","$1,039,045 "
Dalano Banton,"$925,258 ","$1,039,045 "
Jock Landale,"$925,258 ","$1,039,045 "
Greg Brown,"$925,258 ","$1,039,045 "
Charles Bassey,"$925,258 ","$1,039,045 "
Vit Krejci,"$925,258 ","$1,039,045 "
Miles McBride,"$925,258 ","$1,039,045 "
Austin Reaves,"$925,258 ","$1,039,045 "
BJ Boston,"$925,258 ","$1,039,045 "
Luka Garza,"$925,258 ","$1,039,045 "
Marko Simonovic,"$925,258 ","$1,039,045 "
Ayo Dosunmu,"$925,258 ","$1,039,045 "
Daishen Nix,"$923,078 ","$1,036,597 "
Isaiah Thomas,"$910,926 ","$1,022,949 "
Terry Taylor,"$895,125 ","$1,005,206 "
Mamadi Diakite,"$869,078 ","$975,956 "
Caleb Martin,"$844,011 ","$947,806 "
Brad Wanamaker,"$814,918 ","$915,135 "
Luke Kornet,"$812,364 ","$912,267 "
Wayne Selden,"$812,363 ","$912,266 "
Gary Clark,"$811,213 ","$910,975 "
Ryan Arcidiacono,"$774,727 ","$870,002 "
Trendon Watford,"$768,830 ","$863,380 "
Patrick Patterson,"$737,067 ","$827,711 "
Devontae Cacok,"$726,128 ","$815,426 "
Admiral Schofield,"$723,741 ","$812,745 "
Ishmail Wainright,"$707,893 ","$794,948 "
Shaun Livingston,"$666,666 ","$748,652 "
Malik Fitts,"$630,874 ","$708,457 "
Sam Hauser,"$619,498 ","$695,683 "
Greg Monroe,"$612,805 ","$688,165 "
Amir Coffey,"$573,576 ","$644,114 "
Joe Wieskamp,"$563,663 ","$632,981 "
Keifer Sykes,"$558,345 ","$627,009 "
Haywood Highsmith,"$547,701 ","$615,056 "
Nik Stauskas,"$534,993 ","$600,785 "
Davon Reed,"$532,398 ","$597,871 "
Wenyen Gabriel,"$522,015 ","$586,210 "
Skylar Mays,"$510,907 ","$573,738 "
Georgios Kalaitzakis,"$499,852 ","$561,322 "
RJ Nembhard,"$491,876 ","$552,366 "
Chris Silva,"$479,650 ","$538,636 "
Trent Forrest,"$463,211 ","$520,176 "
Kessler Edwards,"$463,211 ","$520,176 "
Cassius Winston,"$462,629 ","$519,522 "
Joel Ayayi,"$462,629 ","$519,522 "
Justin Champagnie,"$462,629 ","$519,522 "
David Johnson,"$462,629 ","$519,522 "
Neemias Queta,"$462,629 ","$519,522 "
Keljin Blevins,"$462,629 ","$519,522 "
Ignas Brazdeikis,"$462,629 ","$519,522 "
Jericho Sims,"$462,629 ","$519,522 "
Nathan Knight,"$462,629 ","$519,522 "
McKinley Wright,"$462,629 ","$519,522 "
Sandro Mamukelashvili,"$462,629 ","$519,522 "
Yves Pons,"$462,629 ","$519,522 "
Jay Scrubb,"$462,629 ","$519,522 "
Chris Chiozza,"$462,629 ","$519,522 "
Sean Chris Smith,"$462,629 ","$519,522 "
Jamorko Pickett,"$462,629 ","$519,522 "
Markus Howard,"$462,629 ","$519,522 "
Tyler Cook,"$462,629 ","$519,522 "
Arnoldas Kulboka,"$462,629 ","$519,522 "
Scottie Lewis,"$462,629 ","$519,522 "
David Duke,"$462,629 ","$519,522 "
Brodric Thomas,"$462,629 ","$519,522 "
Sharife Cooper,"$462,629 ","$519,522 "
Justin Anderson,"$445,828 ","$500,654 "
Theo Pinson,"$440,710 ","$494,908 "
Charlie Brown,"$431,151 ","$484,173 "
Tim Frazier,"$386,127 ","$433,612 "
James Ennis,"$386,127 ","$433,611 "
Langston Galloway,"$386,127 ","$433,612 "
Kyle Guy,"$383,079 ","$430,189 "
Sam Dekker,"$350,000 ","$393,042 "
Quinndary Weatherspoon,"$346,491 ","$389,102 "
Brandon Goodwin,"$343,988 ","$386,291 "
Malcolm Hill,"$324,373 ","$364,263 "
Louis King,"$316,396 ","$355,306 "
DJ Wilson,"$308,493 ","$346,431 "
Shaquille Harrison,"$308,493 ","$346,431 "
Justin Jackson,"$308,493 ","$346,431 "
Jeff Dowtin,"$305,761 ","$343,362 "
Paul Watson,"$303,102 ","$340,377 "
Trevelin Queen,"$303,102 ","$340,377 "
Myles Powell,"$300,443 ","$337,391 "
Jontay Porter,"$300,000 ","$336,893 "
Mason Jones,"$295,125 ","$331,419 "
Eugene Omoruyi,"$281,831 ","$316,490 "
Brandon Knight,"$274,672 ","$308,450 "
Justin Robinson,"$265,953 ","$298,658 "
Ja'Vonte Smart,"$265,878 ","$298,574 "
Mychal Mulder,"$257,902 ","$289,618 "
Tyler Johnson,"$257,418 ","$289,074 "
Zylan Cheatham,"$256,734 ","$288,306 "
Cassius Stanley,"$256,734 ","$288,306 "
Devon Dotson,"$239,291 ","$268,718 "
Marcus Garrett,"$236,632 ","$265,732 "
Lindell Wigginton,"$233,973 ","$262,746 "
Jay Huff,"$225,997 ","$253,789 "
Olivier Sarr,"$223,339 ","$250,805 "
Aaron Henry,"$223,338 ","$250,803 "
Freddie Gillespie,"$221,156 ","$248,352 "
JaQuori McLaughlin,"$220,679 ","$247,817 "
Rayjon Tucker,"$220,639 ","$247,772 "
Petr Cornelie,"$218,021 ","$244,833 "
Tacko Fall,"$218,021 ","$244,833 "
Juwan Morgan,"$211,046 ","$236,999 "
Damyean Dotson,"$205,662 ","$230,954 "
Xavier Moon,"$202,069 ","$226,919 "
Tyrone Wallace,"$198,760 ","$223,203 "
Tremont Waters,"$191,860 ","$215,454 "
Jaylen Hoard,"$191,860 ","$215,454 "
Norvel Pelle,"$191,860 ","$215,454 "
Reggie Perry,"$188,272 ","$211,425 "
Devin Cannady,"$185,578 ","$208,400 "
Brandon Williams,"$180,798 ","$203,032 "
DeJon Jarreau,"$172,821 ","$194,073 "
Moses Wright,"$172,821 ","$194,073 "
Matt Mooney,"$171,156 ","$192,204 "
Dakota Mathias,"$171,156 ","$192,204 "
Daulton Hommes,"$167,504 ","$188,103 "
Grant Riller,"$162,186 ","$182,131 "
Lindy Waters III,"$159,527 ","$179,145 "
Anthony Tolliver,"$151,821 ","$170,491 "
Darren Collison,"$151,821 ","$170,491 "
Ersan Ilyasova,"$151,821 ","$170,491 "
Joe Johnson,"$151,821 ","$170,491 "
CJ Miles,"$151,821 ","$170,491 "
Chaundee Brown,"$151,552 ","$170,189 "
Xavier Sneed,"$146,233 ","$164,216 "
Mario Chalmers,"$138,019 ","$154,992 "
Anthony Lamb,"$136,095 ","$152,831 "
Braxton Key,"$127,622 ","$143,316 "
Troy Williams,"$122,741 ","$137,835 "
Feron Hunt,"$116,987 ","$131,373 "
Mac McClung,"$111,670 ","$125,403 "
Matt Ryan,"$111,669 ","$125,401 "
Emmanuel Mudiay,"$111,457 ","$125,163 "
Paris Bass,"$106,352 ","$119,431 "
Hassani Gravett,"$106,352 ","$119,431 "
Carlik Jones,"$106,352 ","$119,430 "
Cheick Diallo,"$102,831 ","$115,477 "
Jordan Bell,"$102,831 ","$115,477 "
DJ Stewart,"$101,034 ","$113,459 "
Nate Hinton,"$96,213 ","$108,045 "
Jaylen Morris,"$95,930 ","$107,727 "
BJ Johnson,"$95,930 ","$107,727 "
Scotty Hopson,"$95,930 ","$107,727 "
Justin James,"$95,930 ","$107,727 "
DaQuan Jeffries,"$95,930 ","$107,727 "
Derrick Walton,"$95,930 ","$107,727 "
Demetrius Jackson,"$92,857 ","$104,276 "
Emanuel Terry,"$85,578 ","$96,102 "
Jemerrio Jones,"$85,578 ","$96,102 "
George King,"$85,578 ","$96,102 "
Malik Newman,"$85,578 ","$96,102 "
Chris Clemons,"$85,578 ","$96,102 "
Cameron Oliver,"$85,578 ","$96,102 "
Jared Harper,"$85,081 ","$95,544 "
Gabriel Lundberg,"$79,764 ","$89,573 "
Jaime Echenique,"$53,176 ","$59,715 "
Craig Sword,"$53,176 ","$59,715 "
Jordan Goodwin,"$53,176 ","$59,715 "
Jordan Schakel,"$53,176 ","$59,715 "
Ade Murkey,"$53,176 ","$59,715 "
Jarron Cumberland,"$53,176 ","$59,715 "
Cameron McGriff,"$53,176 ","$59,715 "
MJ Walker,"$53,176 ","$59,715 "
Aleem Ford,"$53,176 ","$59,715 "
Rob Edwards,"$53,176 ","$59,715 "
Tyler Hall,"$53,176 ","$59,715 "
Javin DeLaurier,"$53,176 ","$59,715 "
Aric Holman,"$53,176 ","$59,715 "
Jon Teske,"$53,176 ","$59,715 "
Shaq Buchanan,"$53,176 ","$59,715 "
Ahmad Caver,"$53,176 ","$59,715 "
Jaysean Paige,"$53,176 ","$59,715 "
Micah Potter,"$53,176 ","$59,715 "
Trayvon Palmer,"$53,176 ","$59,715 "
Tre Scott,"$53,176 ","$59,715 "
Justin Tillman,"$53,176 ","$59,715 "
Malik Ellison,"$53,176 ","$59,715 "
Anthony Barber,"$53,176 ","$59,715 "
Luca Vildoza,"$42,789 ","$48,051 "
Zavier Simpson,"$37,223 ","$41,800 "
Mfiondu Kabengele,"$19,186 ","$21,545 "
Melvin Frazier,"$13,294 ","$14,928 "